country,month,demand_index,attractiveness_moy,cost_moy,rating_moy,visitors_total,score_promotion_moy,score_image_moy,nb_opportunites,nb_bizarres,nb_meteo_favorable,nb_vol_abordable,demand_index_lag1,variation_demande,demand_ma3,demand_ma6,tendance_hausse,month_num,year_num,cible_demand_futur,cible_hausse
France,2022-01-01,91.8,8.73,859.3,4.289,185458668,4.258,3.162,3,1,2,2,,,91.8,91.8,0,1,2022,97.8,1
France,2022-02-01,97.8,8.73,859.3,4.289,185458668,4.258,3.162,3,1,2,2,91.8,6.0,94.8,94.8,1,2,2022,92.5,0
France,2022-03-01,92.5,8.73,859.3,4.289,185458668,4.258,3.162,3,1,2,2,97.8,-5.3,94.03,94.03,0,3,2022,92.5,0
France,2022-04-01,92.5,8.73,859.3,4.289,185458668,4.258,3.162,3,1,2,2,92.5,0.0,94.27,93.65,0,4,2022,90.0,0
France,2022-05-01,90.0,8.73,859.3,4.289,185458668,4.258,3.162,3,1,2,2,92.5,-2.5,91.67,92.92,0,5,2022,87.4,0
France,2022-06-01,87.4,8.73,859.3,4.289,185458668,4.258,3.162,3,1,2,2,90.0,-2.6,89.97,92.0,0,6,2022,88.4,1
France,2022-07-01,88.4,8.73,859.3,4.289,185458668,4.258,3.162,3,1,2,2,87.4,1.0,88.6,91.43,1,7,2022,62.3,0
France,2022-08-01,62.3,8.73,859.3,4.289,185458668,4.258,3.162,3,1,2,2,88.4,-26.1,79.37,85.52,0,8,2022,67.9,1
France,2022-09-01,67.9,8.73,859.3,4.289,185458668,4.258,3.162,3,1,2,2,62.3,5.6,72.87,81.42,1,9,2022,77.7,1
France,2022-10-01,77.7,8.73,859.3,4.289,185458668,4.258,3.162,3,1,2,2,67.9,9.8,69.3,78.95,1,10,2022,77.6,0
France,2022-11-01,77.6,8.73,859.3,4.289,185458668,4.258,3.162,3,1,2,2,77.7,-0.1,74.4,76.88,0,11,2022,89.0,1
France,2022-12-01,89.0,8.73,859.3,4.289,185458668,4.258,3.162,3,1,2,2,77.6,11.4,81.43,77.15,1,12,2022,105.2,1
France,2023-01-01,105.2,8.73,859.3,4.289,185458668,4.258,3.162,3,1,2,2,89.0,16.2,90.6,79.95,1,1,2023,86.9,0
France,2023-02-01,86.9,8.73,859.3,4.289,185458668,4.258,3.162,3,1,2,2,105.2,-18.3,93.7,84.05,0,2,2023,108.5,1
France,2023-03-01,108.5,8.73,859.3,4.289,185458668,4.258,3.162,3,1,2,2,86.9,21.6,100.2,90.82,1,3,2023,88.2,0
France,2023-04-01,88.2,8.73,859.3,4.289,185458668,4.258,3.162,3,1,2,2,108.5,-20.3,94.53,92.57,0,4,2023,98.9,1
France,2023-05-01,98.9,8.73,859.3,4.289,185458668,4.258,3.162,3,1,2,2,88.2,10.7,98.53,96.12,1,5,2023,87.5,0
France,2023-06-01,87.5,8.73,859.3,4.289,185458668,4.258,3.162,3,1,2,2,98.9,-11.4,91.53,95.87,0,6,2023,73.2,0
France,2023-07-01,73.2,8.73,859.3,4.289,185458668,4.258,3.162,3,1,2,2,87.5,-14.3,86.53,90.53,0,7,2023,70.3,0
France,2023-08-01,70.3,8.73,859.3,4.289,185458668,4.258,3.162,3,1,2,2,73.2,-2.9,77.0,87.77,0,8,2023,68.8,0
France,2023-09-01,68.8,8.73,859.3,4.289,185458668,4.258,3.162,3,1,2,2,70.3,-1.5,70.77,81.15,0,9,2023,73.2,1
France,2023-10-01,73.2,8.73,859.3,4.289,185458668,4.258,3.162,3,1,2,2,68.8,4.4,70.77,78.65,1,10,2023,77.8,1
France,2023-11-01,77.8,8.73,859.3,4.289,185458668,4.258,3.162,3,1,2,2,73.2,4.6,73.27,75.13,1,11,2023,87.2,1
France,2023-12-01,87.2,8.73,859.3,4.289,185458668,4.258,3.162,3,1,2,2,77.8,9.4,79.4,75.08,1,12,2023,94.7,1
France,2024-01-01,94.7,8.73,859.3,4.289,185458668,4.258,3.162,3,1,2,2,87.2,7.5,86.57,78.67,1,1,2024,85.5,0
France,2024-02-01,85.5,8.73,859.3,4.289,185458668,4.258,3.162,3,1,2,2,94.7,-9.2,89.13,81.2,0,2,2024,96.3,1
France,2024-03-01,96.3,8.73,859.3,4.289,185458668,4.258,3.162,3,1,2,2,85.5,10.8,92.17,85.78,1,3,2024,95.5,0
France,2024-04-01,95.5,8.73,859.3,4.289,185458668,4.258,3.162,3,1,2,2,96.3,-0.8,92.43,89.5,0,4,2024,88.6,0
France,2024-05-01,88.6,8.73,859.3,4.289,185458668,4.258,3.162,3,1,2,2,95.5,-6.9,93.47,91.3,0,5,2024,79.6,0
France,2024-06-01,79.6,8.73,859.3,4.289,185458668,4.258,3.162,3,1,2,2,88.6,-9.0,87.9,90.03,0,6,2024,75.2,0
France,2024-07-01,75.2,8.73,859.3,4.289,185458668,4.258,3.162,3,1,2,2,79.6,-4.4,81.13,86.78,0,7,2024,72.5,0
France,2024-08-01,72.5,8.73,859.3,4.289,185458668,4.258,3.162,3,1,2,2,75.2,-2.7,75.77,84.62,0,8,2024,56.0,0
France,2024-09-01,56.0,8.73,859.3,4.289,185458668,4.258,3.162,3,1,2,2,72.5,-16.5,67.9,77.9,0,9,2024,66.1,1
France,2024-10-01,66.1,8.73,859.3,4.289,185458668,4.258,3.162,3,1,2,2,56.0,10.1,64.87,73.0,1,10,2024,81.2,1
France,2024-11-01,81.2,8.73,859.3,4.289,185458668,4.258,3.162,3,1,2,2,66.1,15.1,67.77,71.77,1,11,2024,84.9,1
France,2024-12-01,84.9,8.73,859.3,4.289,185458668,4.258,3.162,3,1,2,2,81.2,3.7,77.4,72.65,1,12,2024,,0
Germany,2022-01-01,150.7,8.72,863.15,4.189,242992982,4.149,3.09,2,3,5,1,,,150.7,150.7,0,1,2022,147.8,0
Germany,2022-02-01,147.8,8.72,863.15,4.189,242992982,4.149,3.09,2,3,5,1,150.7,-2.9,149.25,149.25,0,2,2022,147.6,0
Germany,2022-03-01,147.6,8.72,863.15,4.189,242992982,4.149,3.09,2,3,5,1,147.8,-0.2,148.7,148.7,0,3,2022,144.6,0
Germany,2022-04-01,144.6,8.72,863.15,4.189,242992982,4.149,3.09,2,3,5,1,147.6,-3.0,146.67,147.68,0,4,2022,147.1,1
Germany,2022-05-01,147.1,8.72,863.15,4.189,242992982,4.149,3.09,2,3,5,1,144.6,2.5,146.43,147.56,1,5,2022,129.4,0
Germany,2022-06-01,129.4,8.72,863.15,4.189,242992982,4.149,3.09,2,3,5,1,147.1,-17.7,140.37,144.53,0,6,2022,122.1,0
Germany,2022-07-01,122.1,8.72,863.15,4.189,242992982,4.149,3.09,2,3,5,1,129.4,-7.3,132.87,139.77,0,7,2022,121.5,0
Germany,2022-08-01,121.5,8.72,863.15,4.189,242992982,4.149,3.09,2,3,5,1,122.1,-0.6,124.33,135.38,0,8,2022,131.9,1
Germany,2022-09-01,131.9,8.72,863.15,4.189,242992982,4.149,3.09,2,3,5,1,121.5,10.4,125.17,132.77,1,9,2022,134.6,1
Germany,2022-10-01,134.6,8.72,863.15,4.189,242992982,4.149,3.09,2,3,5,1,131.9,2.7,129.33,131.1,1,10,2022,130.7,0
Germany,2022-11-01,130.7,8.72,863.15,4.189,242992982,4.149,3.09,2,3,5,1,134.6,-3.9,132.4,128.37,0,11,2022,136.9,1
Germany,2022-12-01,136.9,8.72,863.15,4.189,242992982,4.149,3.09,2,3,5,1,130.7,6.2,134.07,129.62,1,12,2022,137.4,1
Germany,2023-01-01,137.4,8.72,863.15,4.189,242992982,4.149,3.09,2,3,5,1,136.9,0.5,135.0,132.17,1,1,2023,151.9,1
Germany,2023-02-01,151.9,8.72,863.15,4.189,242992982,4.149,3.09,2,3,5,1,137.4,14.5,142.07,137.23,1,2,2023,153.3,1
Germany,2023-03-01,153.3,8.72,863.15,4.189,242992982,4.149,3.09,2,3,5,1,151.9,1.4,147.53,140.8,1,3,2023,146.1,0
Germany,2023-04-01,146.1,8.72,863.15,4.189,242992982,4.149,3.09,2,3,5,1,153.3,-7.2,150.43,142.72,0,4,2023,151.3,1
Germany,2023-05-01,151.3,8.72,863.15,4.189,242992982,4.149,3.09,2,3,5,1,146.1,5.2,150.23,146.15,1,5,2023,136.7,0
Germany,2023-06-01,136.7,8.72,863.15,4.189,242992982,4.149,3.09,2,3,5,1,151.3,-14.6,144.7,146.12,0,6,2023,129.1,0
Germany,2023-07-01,129.1,8.72,863.15,4.189,242992982,4.149,3.09,2,3,5,1,136.7,-7.6,139.03,144.73,0,7,2023,139.2,1
Germany,2023-08-01,139.2,8.72,863.15,4.189,242992982,4.149,3.09,2,3,5,1,129.1,10.1,135.0,142.62,1,8,2023,127.6,0
Germany,2023-09-01,127.6,8.72,863.15,4.189,242992982,4.149,3.09,2,3,5,1,139.2,-11.6,131.97,138.33,0,9,2023,114.8,0
Germany,2023-10-01,114.8,8.72,863.15,4.189,242992982,4.149,3.09,2,3,5,1,127.6,-12.8,127.2,133.12,0,10,2023,135.9,1
Germany,2023-11-01,135.9,8.72,863.15,4.189,242992982,4.149,3.09,2,3,5,1,114.8,21.1,126.1,130.55,1,11,2023,133.5,0
Germany,2023-12-01,133.5,8.72,863.15,4.189,242992982,4.149,3.09,2,3,5,1,135.9,-2.4,128.07,130.02,0,12,2023,147.8,1
Germany,2024-01-01,147.8,8.72,863.15,4.189,242992982,4.149,3.09,2,3,5,1,133.5,14.3,139.07,133.13,1,1,2024,155.5,1
Germany,2024-02-01,155.5,8.72,863.15,4.189,242992982,4.149,3.09,2,3,5,1,147.8,7.7,145.6,135.85,1,2,2024,148.6,0
Germany,2024-03-01,148.6,8.72,863.15,4.189,242992982,4.149,3.09,2,3,5,1,155.5,-6.9,150.63,139.35,0,3,2024,155.6,1
Germany,2024-04-01,155.6,8.72,863.15,4.189,242992982,4.149,3.09,2,3,5,1,148.6,7.0,153.23,146.15,1,4,2024,146.4,0
Germany,2024-05-01,146.4,8.72,863.15,4.189,242992982,4.149,3.09,2,3,5,1,155.6,-9.2,150.2,147.9,0,5,2024,150.7,1
Germany,2024-06-01,150.7,8.72,863.15,4.189,242992982,4.149,3.09,2,3,5,1,146.4,4.3,150.9,150.77,1,6,2024,130.0,0
Germany,2024-07-01,130.0,8.72,863.15,4.189,242992982,4.149,3.09,2,3,5,1,150.7,-20.7,142.37,147.8,0,7,2024,120.7,0
Germany,2024-08-01,120.7,8.72,863.15,4.189,242992982,4.149,3.09,2,3,5,1,130.0,-9.3,133.8,142.0,0,8,2024,127.8,1
Germany,2024-09-01,127.8,8.72,863.15,4.189,242992982,4.149,3.09,2,3,5,1,120.7,7.1,126.17,138.53,1,9,2024,137.3,1
Germany,2024-10-01,137.3,8.72,863.15,4.189,242992982,4.149,3.09,2,3,5,1,127.8,9.5,128.6,135.48,1,10,2024,135.9,0
Germany,2024-11-01,135.9,8.72,863.15,4.189,242992982,4.149,3.09,2,3,5,1,137.3,-1.4,133.67,133.73,0,11,2024,139.7,1
Germany,2024-12-01,139.7,8.72,863.15,4.189,242992982,4.149,3.09,2,3,5,1,135.9,3.8,137.63,131.9,1,12,2024,,0
Italy,2022-01-01,125.3,8.632,954.0,4.324,215815801,3.896,3.159,1,2,3,2,,,125.3,125.3,0,1,2022,119.0,0
Italy,2022-02-01,119.0,8.632,954.0,4.324,215815801,3.896,3.159,1,2,3,2,125.3,-6.3,122.15,122.15,0,2,2022,124.9,1
Italy,2022-03-01,124.9,8.632,954.0,4.324,215815801,3.896,3.159,1,2,3,2,119.0,5.9,123.07,123.07,1,3,2022,137.6,1
Italy,2022-04-01,137.6,8.632,954.0,4.324,215815801,3.896,3.159,1,2,3,2,124.9,12.7,127.17,126.7,1,4,2022,118.3,0
Italy,2022-05-01,118.3,8.632,954.0,4.324,215815801,3.896,3.159,1,2,3,2,137.6,-19.3,126.93,125.02,0,5,2022,118.5,1
Italy,2022-06-01,118.5,8.632,954.0,4.324,215815801,3.896,3.159,1,2,3,2,118.3,0.2,124.8,123.93,1,6,2022,113.4,0
Italy,2022-07-01,113.4,8.632,954.0,4.324,215815801,3.896,3.159,1,2,3,2,118.5,-5.1,116.73,121.95,0,7,2022,96.8,0
Italy,2022-08-01,96.8,8.632,954.0,4.324,215815801,3.896,3.159,1,2,3,2,113.4,-16.6,109.57,118.25,0,8,2022,89.6,0
Italy,2022-09-01,89.6,8.632,954.0,4.324,215815801,3.896,3.159,1,2,3,2,96.8,-7.2,99.93,112.37,0,9,2022,105.5,1
Italy,2022-10-01,105.5,8.632,954.0,4.324,215815801,3.896,3.159,1,2,3,2,89.6,15.9,97.3,107.02,1,10,2022,115.7,1
Italy,2022-11-01,115.7,8.632,954.0,4.324,215815801,3.896,3.159,1,2,3,2,105.5,10.2,103.6,106.58,1,11,2022,118.6,1
Italy,2022-12-01,118.6,8.632,954.0,4.324,215815801,3.896,3.159,1,2,3,2,115.7,2.9,113.27,106.6,1,12,2022,113.3,0
Italy,2023-01-01,113.3,8.632,954.0,4.324,215815801,3.896,3.159,1,2,3,2,118.6,-5.3,115.87,106.58,0,1,2023,132.1,1
Italy,2023-02-01,132.1,8.632,954.0,4.324,215815801,3.896,3.159,1,2,3,2,113.3,18.8,121.33,112.47,1,2,2023,130.9,0
Italy,2023-03-01,130.9,8.632,954.0,4.324,215815801,3.896,3.159,1,2,3,2,132.1,-1.2,125.43,119.35,0,3,2023,137.3,1
Italy,2023-04-01,137.3,8.632,954.0,4.324,215815801,3.896,3.159,1,2,3,2,130.9,6.4,133.43,124.65,1,4,2023,131.3,0
Italy,2023-05-01,131.3,8.632,954.0,4.324,215815801,3.896,3.159,1,2,3,2,137.3,-6.0,133.17,127.25,0,5,2023,115.0,0
Italy,2023-06-01,115.0,8.632,954.0,4.324,215815801,3.896,3.159,1,2,3,2,131.3,-16.3,127.87,126.65,0,6,2023,94.7,0
Italy,2023-07-01,94.7,8.632,954.0,4.324,215815801,3.896,3.159,1,2,3,2,115.0,-20.3,113.67,123.55,0,7,2023,93.2,0
Italy,2023-08-01,93.2,8.632,954.0,4.324,215815801,3.896,3.159,1,2,3,2,94.7,-1.5,100.97,117.07,0,8,2023,108.6,1
Italy,2023-09-01,108.6,8.632,954.0,4.324,215815801,3.896,3.159,1,2,3,2,93.2,15.4,98.83,113.35,1,9,2023,102.6,0
Italy,2023-10-01,102.6,8.632,954.0,4.324,215815801,3.896,3.159,1,2,3,2,108.6,-6.0,101.47,107.57,0,10,2023,113.1,1
Italy,2023-11-01,113.1,8.632,954.0,4.324,215815801,3.896,3.159,1,2,3,2,102.6,10.5,108.1,104.53,1,11,2023,117.3,1
Italy,2023-12-01,117.3,8.632,954.0,4.324,215815801,3.896,3.159,1,2,3,2,113.1,4.2,111.0,104.92,1,12,2023,130.0,1
Italy,2024-01-01,130.0,8.632,954.0,4.324,215815801,3.896,3.159,1,2,3,2,117.3,12.7,120.13,110.8,1,1,2024,138.4,1
Italy,2024-02-01,138.4,8.632,954.0,4.324,215815801,3.896,3.159,1,2,3,2,130.0,8.4,128.57,118.33,1,2,2024,127.6,0
Italy,2024-03-01,127.6,8.632,954.0,4.324,215815801,3.896,3.159,1,2,3,2,138.4,-10.8,132.0,121.5,0,3,2024,126.1,0
Italy,2024-04-01,126.1,8.632,954.0,4.324,215815801,3.896,3.159,1,2,3,2,127.6,-1.5,130.7,125.42,0,4,2024,122.6,0
Italy,2024-05-01,122.6,8.632,954.0,4.324,215815801,3.896,3.159,1,2,3,2,126.1,-3.5,125.43,127.0,0,5,2024,105.3,0
Italy,2024-06-01,105.3,8.632,954.0,4.324,215815801,3.896,3.159,1,2,3,2,122.6,-17.3,118.0,125.0,0,6,2024,121.2,1
Italy,2024-07-01,121.2,8.632,954.0,4.324,215815801,3.896,3.159,1,2,3,2,105.3,15.9,116.37,123.53,1,7,2024,104.8,0
Italy,2024-08-01,104.8,8.632,954.0,4.324,215815801,3.896,3.159,1,2,3,2,121.2,-16.4,110.43,117.93,0,8,2024,102.5,0
Italy,2024-09-01,102.5,8.632,954.0,4.324,215815801,3.896,3.159,1,2,3,2,104.8,-2.3,109.5,113.75,0,9,2024,105.5,1
Italy,2024-10-01,105.5,8.632,954.0,4.324,215815801,3.896,3.159,1,2,3,2,102.5,3.0,104.27,110.32,1,10,2024,118.7,1
Italy,2024-11-01,118.7,8.632,954.0,4.324,215815801,3.896,3.159,1,2,3,2,105.5,13.2,108.9,109.67,1,11,2024,116.3,0
Italy,2024-12-01,116.3,8.632,954.0,4.324,215815801,3.896,3.159,1,2,3,2,118.7,-2.4,113.5,111.5,0,12,2024,,0
Japan,2022-01-01,135.6,8.58,743.45,4.39,244449345,4.694,3.048,0,3,4,3,,,135.6,135.6,0,1,2022,151.5,1
Japan,2022-02-01,151.5,8.58,743.45,4.39,244449345,4.694,3.048,0,3,4,3,135.6,15.9,143.55,143.55,1,2,2022,147.3,0
Japan,2022-03-01,147.3,8.58,743.45,4.39,244449345,4.694,3.048,0,3,4,3,151.5,-4.2,144.8,144.8,0,3,2022,142.7,0
Japan,2022-04-01,142.7,8.58,743.45,4.39,244449345,4.694,3.048,0,3,4,3,147.3,-4.6,147.17,144.28,0,4,2022,139.2,0
Japan,2022-05-01,139.2,8.58,743.45,4.39,244449345,4.694,3.048,0,3,4,3,142.7,-3.5,143.07,143.26,0,5,2022,140.1,1
Japan,2022-06-01,140.1,8.58,743.45,4.39,244449345,4.694,3.048,0,3,4,3,139.2,0.9,140.67,142.73,1,6,2022,127.6,0
Japan,2022-07-01,127.6,8.58,743.45,4.39,244449345,4.694,3.048,0,3,4,3,140.1,-12.5,135.63,141.4,0,7,2022,119.0,0
Japan,2022-08-01,119.0,8.58,743.45,4.39,244449345,4.694,3.048,0,3,4,3,127.6,-8.6,128.9,135.98,0,8,2022,121.9,1
Japan,2022-09-01,121.9,8.58,743.45,4.39,244449345,4.694,3.048,0,3,4,3,119.0,2.9,122.83,131.75,1,9,2022,129.5,1
Japan,2022-10-01,129.5,8.58,743.45,4.39,244449345,4.694,3.048,0,3,4,3,121.9,7.6,123.47,129.55,1,10,2022,117.8,0
Japan,2022-11-01,117.8,8.58,743.45,4.39,244449345,4.694,3.048,0,3,4,3,129.5,-11.7,123.07,125.98,0,11,2022,137.9,1
Japan,2022-12-01,137.9,8.58,743.45,4.39,244449345,4.694,3.048,0,3,4,3,117.8,20.1,128.4,125.62,1,12,2022,142.0,1
Japan,2023-01-01,142.0,8.58,743.45,4.39,244449345,4.694,3.048,0,3,4,3,137.9,4.1,132.57,128.02,1,1,2023,149.2,1
Japan,2023-02-01,149.2,8.58,743.45,4.39,244449345,4.694,3.048,0,3,4,3,142.0,7.2,143.03,133.05,1,2,2023,153.3,1
Japan,2023-03-01,153.3,8.58,743.45,4.39,244449345,4.694,3.048,0,3,4,3,149.2,4.1,148.17,138.28,1,3,2023,157.3,1
Japan,2023-04-01,157.3,8.58,743.45,4.39,244449345,4.694,3.048,0,3,4,3,153.3,4.0,153.27,142.92,1,4,2023,124.8,0
Japan,2023-05-01,124.8,8.58,743.45,4.39,244449345,4.694,3.048,0,3,4,3,157.3,-32.5,145.13,144.08,0,5,2023,146.2,1
Japan,2023-06-01,146.2,8.58,743.45,4.39,244449345,4.694,3.048,0,3,4,3,124.8,21.4,142.77,145.47,1,6,2023,137.2,0
Japan,2023-07-01,137.2,8.58,743.45,4.39,244449345,4.694,3.048,0,3,4,3,146.2,-9.0,136.07,144.67,0,7,2023,127.6,0
Japan,2023-08-01,127.6,8.58,743.45,4.39,244449345,4.694,3.048,0,3,4,3,137.2,-9.6,137.0,141.07,0,8,2023,128.4,1
Japan,2023-09-01,128.4,8.58,743.45,4.39,244449345,4.694,3.048,0,3,4,3,127.6,0.8,131.07,136.92,1,9,2023,112.2,0
Japan,2023-10-01,112.2,8.58,743.45,4.39,244449345,4.694,3.048,0,3,4,3,128.4,-16.2,122.73,129.4,0,10,2023,119.6,1
Japan,2023-11-01,119.6,8.58,743.45,4.39,244449345,4.694,3.048,0,3,4,3,112.2,7.4,120.07,128.53,1,11,2023,132.4,1
Japan,2023-12-01,132.4,8.58,743.45,4.39,244449345,4.694,3.048,0,3,4,3,119.6,12.8,121.4,126.23,1,12,2023,139.5,1
Japan,2024-01-01,139.5,8.58,743.45,4.39,244449345,4.694,3.048,0,3,4,3,132.4,7.1,130.5,126.62,1,1,2024,145.4,1
Japan,2024-02-01,145.4,8.58,743.45,4.39,244449345,4.694,3.048,0,3,4,3,139.5,5.9,139.1,129.58,1,2,2024,154.9,1
Japan,2024-03-01,154.9,8.58,743.45,4.39,244449345,4.694,3.048,0,3,4,3,145.4,9.5,146.6,134.0,1,3,2024,134.9,0
Japan,2024-04-01,134.9,8.58,743.45,4.39,244449345,4.694,3.048,0,3,4,3,154.9,-20.0,145.07,137.78,0,4,2024,150.2,1
Japan,2024-05-01,150.2,8.58,743.45,4.39,244449345,4.694,3.048,0,3,4,3,134.9,15.3,146.67,142.88,1,5,2024,127.3,0
Japan,2024-06-01,127.3,8.58,743.45,4.39,244449345,4.694,3.048,0,3,4,3,150.2,-22.9,137.47,142.03,0,6,2024,119.5,0
Japan,2024-07-01,119.5,8.58,743.45,4.39,244449345,4.694,3.048,0,3,4,3,127.3,-7.8,132.33,138.7,0,7,2024,123.0,1
Japan,2024-08-01,123.0,8.58,743.45,4.39,244449345,4.694,3.048,0,3,4,3,119.5,3.5,123.27,134.97,1,8,2024,112.2,0
Japan,2024-09-01,112.2,8.58,743.45,4.39,244449345,4.694,3.048,0,3,4,3,123.0,-10.8,118.23,127.85,0,9,2024,111.1,0
Japan,2024-10-01,111.1,8.58,743.45,4.39,244449345,4.694,3.048,0,3,4,3,112.2,-1.1,115.43,123.88,0,10,2024,126.9,1
Japan,2024-11-01,126.9,8.58,743.45,4.39,244449345,4.694,3.048,0,3,4,3,111.1,15.8,116.73,120.0,1,11,2024,127.5,1
Japan,2024-12-01,127.5,8.58,743.45,4.39,244449345,4.694,3.048,0,3,4,3,126.9,0.6,121.83,120.03,1,12,2024,,0
Morocco,2022-01-01,113.2,8.34,845.4,4.295,211728929,4.496,2.946,1,3,4,3,,,113.2,113.2,0,1,2022,120.5,1
Morocco,2022-02-01,120.5,8.34,845.4,4.295,211728929,4.496,2.946,1,3,4,3,113.2,7.3,116.85,116.85,1,2,2022,113.8,0
Morocco,2022-03-01,113.8,8.34,845.4,4.295,211728929,4.496,2.946,1,3,4,3,120.5,-6.7,115.83,115.83,0,3,2022,116.5,1
Morocco,2022-04-01,116.5,8.34,845.4,4.295,211728929,4.496,2.946,1,3,4,3,113.8,2.7,116.93,116.0,1,4,2022,121.2,1
Morocco,2022-05-01,121.2,8.34,845.4,4.295,211728929,4.496,2.946,1,3,4,3,116.5,4.7,117.17,117.04,1,5,2022,115.1,0
Morocco,2022-06-01,115.1,8.34,845.4,4.295,211728929,4.496,2.946,1,3,4,3,121.2,-6.1,117.6,116.72,0,6,2022,117.4,1
Morocco,2022-07-01,117.4,8.34,845.4,4.295,211728929,4.496,2.946,1,3,4,3,115.1,2.3,117.9,117.42,1,7,2022,92.5,0
Morocco,2022-08-01,92.5,8.34,845.4,4.295,211728929,4.496,2.946,1,3,4,3,117.4,-24.9,108.33,112.75,0,8,2022,86.4,0
Morocco,2022-09-01,86.4,8.34,845.4,4.295,211728929,4.496,2.946,1,3,4,3,92.5,-6.1,98.77,108.18,0,9,2022,89.4,1
Morocco,2022-10-01,89.4,8.34,845.4,4.295,211728929,4.496,2.946,1,3,4,3,86.4,3.0,89.43,103.67,1,10,2022,91.4,1
Morocco,2022-11-01,91.4,8.34,845.4,4.295,211728929,4.496,2.946,1,3,4,3,89.4,2.0,89.07,98.7,1,11,2022,105.5,1
Morocco,2022-12-01,105.5,8.34,845.4,4.295,211728929,4.496,2.946,1,3,4,3,91.4,14.1,95.43,97.1,1,12,2022,116.2,1
Morocco,2023-01-01,116.2,8.34,845.4,4.295,211728929,4.496,2.946,1,3,4,3,105.5,10.7,104.37,96.9,1,1,2023,118.8,1
Morocco,2023-02-01,118.8,8.34,845.4,4.295,211728929,4.496,2.946,1,3,4,3,116.2,2.6,113.5,101.28,1,2,2023,128.7,1
Morocco,2023-03-01,128.7,8.34,845.4,4.295,211728929,4.496,2.946,1,3,4,3,118.8,9.9,121.23,108.33,1,3,2023,117.4,0
Morocco,2023-04-01,117.4,8.34,845.4,4.295,211728929,4.496,2.946,1,3,4,3,128.7,-11.3,121.63,113.0,0,4,2023,111.1,0
Morocco,2023-05-01,111.1,8.34,845.4,4.295,211728929,4.496,2.946,1,3,4,3,117.4,-6.3,119.07,116.28,0,5,2023,101.9,0
Morocco,2023-06-01,101.9,8.34,845.4,4.295,211728929,4.496,2.946,1,3,4,3,111.1,-9.2,110.13,115.68,0,6,2023,87.1,0
Morocco,2023-07-01,87.1,8.34,845.4,4.295,211728929,4.496,2.946,1,3,4,3,101.9,-14.8,100.03,110.83,0,7,2023,82.0,0
Morocco,2023-08-01,82.0,8.34,845.4,4.295,211728929,4.496,2.946,1,3,4,3,87.1,-5.1,90.33,104.7,0,8,2023,82.7,1
Morocco,2023-09-01,82.7,8.34,845.4,4.295,211728929,4.496,2.946,1,3,4,3,82.0,0.7,83.93,97.03,1,9,2023,102.1,1
Morocco,2023-10-01,102.1,8.34,845.4,4.295,211728929,4.496,2.946,1,3,4,3,82.7,19.4,88.93,94.48,1,10,2023,104.8,1
Morocco,2023-11-01,104.8,8.34,845.4,4.295,211728929,4.496,2.946,1,3,4,3,102.1,2.7,96.53,93.43,1,11,2023,115.6,1
Morocco,2023-12-01,115.6,8.34,845.4,4.295,211728929,4.496,2.946,1,3,4,3,104.8,10.8,107.5,95.72,1,12,2023,104.2,0
Morocco,2024-01-01,104.2,8.34,845.4,4.295,211728929,4.496,2.946,1,3,4,3,115.6,-11.4,108.2,98.57,0,1,2024,105.2,1
Morocco,2024-02-01,105.2,8.34,845.4,4.295,211728929,4.496,2.946,1,3,4,3,104.2,1.0,108.33,102.43,1,2,2024,116.4,1
Morocco,2024-03-01,116.4,8.34,845.4,4.295,211728929,4.496,2.946,1,3,4,3,105.2,11.2,108.6,108.05,1,3,2024,120.2,1
Morocco,2024-04-01,120.2,8.34,845.4,4.295,211728929,4.496,2.946,1,3,4,3,116.4,3.8,113.93,111.07,1,4,2024,117.0,0
Morocco,2024-05-01,117.0,8.34,845.4,4.295,211728929,4.496,2.946,1,3,4,3,120.2,-3.2,117.87,113.1,0,5,2024,113.3,0
Morocco,2024-06-01,113.3,8.34,845.4,4.295,211728929,4.496,2.946,1,3,4,3,117.0,-3.7,116.83,112.72,0,6,2024,100.5,0
Morocco,2024-07-01,100.5,8.34,845.4,4.295,211728929,4.496,2.946,1,3,4,3,113.3,-12.8,110.27,112.1,0,7,2024,105.2,1
Morocco,2024-08-01,105.2,8.34,845.4,4.295,211728929,4.496,2.946,1,3,4,3,100.5,4.7,106.33,112.1,1,8,2024,89.4,0
Morocco,2024-09-01,89.4,8.34,845.4,4.295,211728929,4.496,2.946,1,3,4,3,105.2,-15.8,98.37,107.6,0,9,2024,86.6,0
Morocco,2024-10-01,86.6,8.34,845.4,4.295,211728929,4.496,2.946,1,3,4,3,89.4,-2.8,93.73,102.0,0,10,2024,86.7,1
Morocco,2024-11-01,86.7,8.34,845.4,4.295,211728929,4.496,2.946,1,3,4,3,86.6,0.1,87.57,96.95,1,11,2024,99.8,1
Morocco,2024-12-01,99.8,8.34,845.4,4.295,211728929,4.496,2.946,1,3,4,3,86.7,13.1,91.03,94.7,1,12,2024,,0
Portugal,2022-01-01,91.3,8.285,750.05,4.24,154762938,5.42,3.505,2,0,3,4,,,91.3,91.3,0,1,2022,102.8,1
Portugal,2022-02-01,102.8,8.285,750.05,4.24,154762938,5.42,3.505,2,0,3,4,91.3,11.5,97.05,97.05,1,2,2022,95.6,0
Portugal,2022-03-01,95.6,8.285,750.05,4.24,154762938,5.42,3.505,2,0,3,4,102.8,-7.2,96.57,96.57,0,3,2022,101.8,1
Portugal,2022-04-01,101.8,8.285,750.05,4.24,154762938,5.42,3.505,2,0,3,4,95.6,6.2,100.07,97.88,1,4,2022,100.2,0
Portugal,2022-05-01,100.2,8.285,750.05,4.24,154762938,5.42,3.505,2,0,3,4,101.8,-1.6,99.2,98.34,0,5,2022,96.5,0
Portugal,2022-06-01,96.5,8.285,750.05,4.24,154762938,5.42,3.505,2,0,3,4,100.2,-3.7,99.5,98.03,0,6,2022,78.9,0
Portugal,2022-07-01,78.9,8.285,750.05,4.24,154762938,5.42,3.505,2,0,3,4,96.5,-17.6,91.87,95.97,0,7,2022,83.6,1
Portugal,2022-08-01,83.6,8.285,750.05,4.24,154762938,5.42,3.505,2,0,3,4,78.9,4.7,86.33,92.77,1,8,2022,79.2,0
Portugal,2022-09-01,79.2,8.285,750.05,4.24,154762938,5.42,3.505,2,0,3,4,83.6,-4.4,80.57,90.03,0,9,2022,67.0,0
Portugal,2022-10-01,67.0,8.285,750.05,4.24,154762938,5.42,3.505,2,0,3,4,79.2,-12.2,76.6,84.23,0,10,2022,71.0,1
Portugal,2022-11-01,71.0,8.285,750.05,4.24,154762938,5.42,3.505,2,0,3,4,67.0,4.0,72.4,79.37,1,11,2022,84.9,1
Portugal,2022-12-01,84.9,8.285,750.05,4.24,154762938,5.42,3.505,2,0,3,4,71.0,13.9,74.3,77.43,1,12,2022,101.7,1
Portugal,2023-01-01,101.7,8.285,750.05,4.24,154762938,5.42,3.505,2,0,3,4,84.9,16.8,85.87,81.23,1,1,2023,99.5,0
Portugal,2023-02-01,99.5,8.285,750.05,4.24,154762938,5.42,3.505,2,0,3,4,101.7,-2.2,95.37,83.88,0,2,2023,97.8,0
Portugal,2023-03-01,97.8,8.285,750.05,4.24,154762938,5.42,3.505,2,0,3,4,99.5,-1.7,99.67,86.98,0,3,2023,110.9,1
Portugal,2023-04-01,110.9,8.285,750.05,4.24,154762938,5.42,3.505,2,0,3,4,97.8,13.1,102.73,94.3,1,4,2023,96.5,0
Portugal,2023-05-01,96.5,8.285,750.05,4.24,154762938,5.42,3.505,2,0,3,4,110.9,-14.4,101.73,98.55,0,5,2023,70.8,0
Portugal,2023-06-01,70.8,8.285,750.05,4.24,154762938,5.42,3.505,2,0,3,4,96.5,-25.7,92.73,96.2,0,6,2023,81.7,1
Portugal,2023-07-01,81.7,8.285,750.05,4.24,154762938,5.42,3.505,2,0,3,4,70.8,10.9,83.0,92.87,1,7,2023,77.6,0
Portugal,2023-08-01,77.6,8.285,750.05,4.24,154762938,5.42,3.505,2,0,3,4,81.7,-4.1,76.7,89.22,0,8,2023,73.6,0
Portugal,2023-09-01,73.6,8.285,750.05,4.24,154762938,5.42,3.505,2,0,3,4,77.6,-4.0,77.63,85.18,0,9,2023,77.2,1
Portugal,2023-10-01,77.2,8.285,750.05,4.24,154762938,5.42,3.505,2,0,3,4,73.6,3.6,76.13,79.57,1,10,2023,79.0,1
Portugal,2023-11-01,79.0,8.285,750.05,4.24,154762938,5.42,3.505,2,0,3,4,77.2,1.8,76.6,76.65,1,11,2023,77.8,0
Portugal,2023-12-01,77.8,8.285,750.05,4.24,154762938,5.42,3.505,2,0,3,4,79.0,-1.2,78.0,77.82,0,12,2023,91.9,1
Portugal,2024-01-01,91.9,8.285,750.05,4.24,154762938,5.42,3.505,2,0,3,4,77.8,14.1,82.9,79.52,1,1,2024,93.4,1
Portugal,2024-02-01,93.4,8.285,750.05,4.24,154762938,5.42,3.505,2,0,3,4,91.9,1.5,87.7,82.15,1,2,2024,95.5,1
Portugal,2024-03-01,95.5,8.285,750.05,4.24,154762938,5.42,3.505,2,0,3,4,93.4,2.1,93.6,85.8,1,3,2024,91.1,0
Portugal,2024-04-01,91.1,8.285,750.05,4.24,154762938,5.42,3.505,2,0,3,4,95.5,-4.4,93.33,88.12,0,4,2024,97.7,1
Portugal,2024-05-01,97.7,8.285,750.05,4.24,154762938,5.42,3.505,2,0,3,4,91.1,6.6,94.77,91.23,1,5,2024,87.7,0
Portugal,2024-06-01,87.7,8.285,750.05,4.24,154762938,5.42,3.505,2,0,3,4,97.7,-10.0,92.17,92.88,0,6,2024,76.4,0
Portugal,2024-07-01,76.4,8.285,750.05,4.24,154762938,5.42,3.505,2,0,3,4,87.7,-11.3,87.27,90.3,0,7,2024,69.5,0
Portugal,2024-08-01,69.5,8.285,750.05,4.24,154762938,5.42,3.505,2,0,3,4,76.4,-6.9,77.87,86.32,0,8,2024,71.8,1
Portugal,2024-09-01,71.8,8.285,750.05,4.24,154762938,5.42,3.505,2,0,3,4,69.5,2.3,72.57,82.37,1,9,2024,81.6,1
Portugal,2024-10-01,81.6,8.285,750.05,4.24,154762938,5.42,3.505,2,0,3,4,71.8,9.8,74.3,80.78,1,10,2024,65.5,0
Portugal,2024-11-01,65.5,8.285,750.05,4.24,154762938,5.42,3.505,2,0,3,4,81.6,-16.1,72.97,75.42,0,11,2024,89.6,1
Portugal,2024-12-01,89.6,8.285,750.05,4.24,154762938,5.42,3.505,2,0,3,4,65.5,24.1,78.9,75.73,1,12,2024,,0
Spain,2022-01-01,76.2,8.588,818.75,4.178,182042146,3.907,2.827,0,0,3,3,,,76.2,76.2,0,1,2022,104.8,1
Spain,2022-02-01,104.8,8.588,818.75,4.178,182042146,3.907,2.827,0,0,3,3,76.2,28.6,90.5,90.5,1,2,2022,92.0,0
Spain,2022-03-01,92.0,8.588,818.75,4.178,182042146,3.907,2.827,0,0,3,3,104.8,-12.8,91.0,91.0,0,3,2022,96.4,1
Spain,2022-04-01,96.4,8.588,818.75,4.178,182042146,3.907,2.827,0,0,3,3,92.0,4.4,97.73,92.35,1,4,2022,89.8,0
Spain,2022-05-01,89.8,8.588,818.75,4.178,182042146,3.907,2.827,0,0,3,3,96.4,-6.6,92.73,91.84,0,5,2022,83.2,0
Spain,2022-06-01,83.2,8.588,818.75,4.178,182042146,3.907,2.827,0,0,3,3,89.8,-6.6,89.8,90.4,0,6,2022,77.8,0
Spain,2022-07-01,77.8,8.588,818.75,4.178,182042146,3.907,2.827,0,0,3,3,83.2,-5.4,83.6,90.67,0,7,2022,74.9,0
Spain,2022-08-01,74.9,8.588,818.75,4.178,182042146,3.907,2.827,0,0,3,3,77.8,-2.9,78.63,85.68,0,8,2022,74.9,0
Spain,2022-09-01,74.9,8.588,818.75,4.178,182042146,3.907,2.827,0,0,3,3,74.9,0.0,75.87,82.83,0,9,2022,67.2,0
Spain,2022-10-01,67.2,8.588,818.75,4.178,182042146,3.907,2.827,0,0,3,3,74.9,-7.7,72.33,77.97,0,10,2022,80.8,1
Spain,2022-11-01,80.8,8.588,818.75,4.178,182042146,3.907,2.827,0,0,3,3,67.2,13.6,74.3,76.47,1,11,2022,89.5,1
Spain,2022-12-01,89.5,8.588,818.75,4.178,182042146,3.907,2.827,0,0,3,3,80.8,8.7,79.17,77.52,1,12,2022,80.5,0
Spain,2023-01-01,80.5,8.588,818.75,4.178,182042146,3.907,2.827,0,0,3,3,89.5,-9.0,83.6,77.97,0,1,2023,102.9,1
Spain,2023-02-01,102.9,8.588,818.75,4.178,182042146,3.907,2.827,0,0,3,3,80.5,22.4,90.97,82.63,1,2,2023,85.8,0
Spain,2023-03-01,85.8,8.588,818.75,4.178,182042146,3.907,2.827,0,0,3,3,102.9,-17.1,89.73,84.45,0,3,2023,98.0,1
Spain,2023-04-01,98.0,8.588,818.75,4.178,182042146,3.907,2.827,0,0,3,3,85.8,12.2,95.57,89.58,1,4,2023,90.8,0
Spain,2023-05-01,90.8,8.588,818.75,4.178,182042146,3.907,2.827,0,0,3,3,98.0,-7.2,91.53,91.25,0,5,2023,74.8,0
Spain,2023-06-01,74.8,8.588,818.75,4.178,182042146,3.907,2.827,0,0,3,3,90.8,-16.0,87.87,88.8,0,6,2023,71.3,0
Spain,2023-07-01,71.3,8.588,818.75,4.178,182042146,3.907,2.827,0,0,3,3,74.8,-3.5,78.97,87.27,0,7,2023,61.1,0
Spain,2023-08-01,61.1,8.588,818.75,4.178,182042146,3.907,2.827,0,0,3,3,71.3,-10.2,69.07,80.3,0,8,2023,76.6,1
Spain,2023-09-01,76.6,8.588,818.75,4.178,182042146,3.907,2.827,0,0,3,3,61.1,15.5,69.67,78.77,1,9,2023,63.2,0
Spain,2023-10-01,63.2,8.588,818.75,4.178,182042146,3.907,2.827,0,0,3,3,76.6,-13.4,66.97,72.97,0,10,2023,63.3,1
Spain,2023-11-01,63.3,8.588,818.75,4.178,182042146,3.907,2.827,0,0,3,3,63.2,0.1,67.7,68.38,1,11,2023,78.5,1
Spain,2023-12-01,78.5,8.588,818.75,4.178,182042146,3.907,2.827,0,0,3,3,63.3,15.2,68.33,69.0,1,12,2023,89.6,1
Spain,2024-01-01,89.6,8.588,818.75,4.178,182042146,3.907,2.827,0,0,3,3,78.5,11.1,77.13,72.05,1,1,2024,90.9,1
Spain,2024-02-01,90.9,8.588,818.75,4.178,182042146,3.907,2.827,0,0,3,3,89.6,1.3,86.33,77.02,1,2,2024,90.3,0
Spain,2024-03-01,90.3,8.588,818.75,4.178,182042146,3.907,2.827,0,0,3,3,90.9,-0.6,90.27,79.3,0,3,2024,93.5,1
Spain,2024-04-01,93.5,8.588,818.75,4.178,182042146,3.907,2.827,0,0,3,3,90.3,3.2,91.57,84.35,1,4,2024,85.5,0
Spain,2024-05-01,85.5,8.588,818.75,4.178,182042146,3.907,2.827,0,0,3,3,93.5,-8.0,89.77,88.05,0,5,2024,81.1,0
Spain,2024-06-01,81.1,8.588,818.75,4.178,182042146,3.907,2.827,0,0,3,3,85.5,-4.4,86.7,88.48,0,6,2024,78.1,0
Spain,2024-07-01,78.1,8.588,818.75,4.178,182042146,3.907,2.827,0,0,3,3,81.1,-3.0,81.57,86.57,0,7,2024,75.8,0
Spain,2024-08-01,75.8,8.588,818.75,4.178,182042146,3.907,2.827,0,0,3,3,78.1,-2.3,78.33,84.05,0,8,2024,59.2,0
Spain,2024-09-01,59.2,8.588,818.75,4.178,182042146,3.907,2.827,0,0,3,3,75.8,-16.6,71.03,78.87,0,9,2024,86.0,1
Spain,2024-10-01,86.0,8.588,818.75,4.178,182042146,3.907,2.827,0,0,3,3,59.2,26.8,73.67,77.62,1,10,2024,66.4,0
Spain,2024-11-01,66.4,8.588,818.75,4.178,182042146,3.907,2.827,0,0,3,3,86.0,-19.6,70.53,74.43,0,11,2024,88.3,1
Spain,2024-12-01,88.3,8.588,818.75,4.178,182042146,3.907,2.827,0,0,3,3,66.4,21.9,80.23,75.63,1,12,2024,,0
USA,2022-01-01,110.4,8.412,818.2,4.336,142967494,4.728,3.22,0,1,2,4,,,110.4,110.4,0,1,2022,150.6,1
USA,2022-02-01,150.6,8.412,818.2,4.336,142967494,4.728,3.22,0,1,2,4,110.4,40.2,130.5,130.5,1,2,2022,134.9,0
USA,2022-03-01,134.9,8.412,818.2,4.336,142967494,4.728,3.22,0,1,2,4,150.6,-15.7,131.97,131.97,0,3,2022,138.4,1
USA,2022-04-01,138.4,8.412,818.2,4.336,142967494,4.728,3.22,0,1,2,4,134.9,3.5,141.3,133.57,1,4,2022,130.3,0
USA,2022-05-01,130.3,8.412,818.2,4.336,142967494,4.728,3.22,0,1,2,4,138.4,-8.1,134.53,132.92,0,5,2022,124.5,0
USA,2022-06-01,124.5,8.412,818.2,4.336,142967494,4.728,3.22,0,1,2,4,130.3,-5.8,131.07,131.52,0,6,2022,112.9,0
USA,2022-07-01,112.9,8.412,818.2,4.336,142967494,4.728,3.22,0,1,2,4,124.5,-11.6,122.57,131.93,0,7,2022,105.0,0
USA,2022-08-01,105.0,8.412,818.2,4.336,142967494,4.728,3.22,0,1,2,4,112.9,-7.9,114.13,124.33,0,8,2022,103.2,0
USA,2022-09-01,103.2,8.412,818.2,4.336,142967494,4.728,3.22,0,1,2,4,105.0,-1.8,107.03,119.05,0,9,2022,103.8,1
USA,2022-10-01,103.8,8.412,818.2,4.336,142967494,4.728,3.22,0,1,2,4,103.2,0.6,104.0,113.28,1,10,2022,111.1,1
USA,2022-11-01,111.1,8.412,818.2,4.336,142967494,4.728,3.22,0,1,2,4,103.8,7.3,106.03,110.08,1,11,2022,112.4,1
USA,2022-12-01,112.4,8.412,818.2,4.336,142967494,4.728,3.22,0,1,2,4,111.1,1.3,109.1,108.07,1,12,2022,122.6,1
USA,2023-01-01,122.6,8.412,818.2,4.336,142967494,4.728,3.22,0,1,2,4,112.4,10.2,115.37,109.68,1,1,2023,138.2,1
USA,2023-02-01,138.2,8.412,818.2,4.336,142967494,4.728,3.22,0,1,2,4,122.6,15.6,124.4,115.22,1,2,2023,130.9,0
USA,2023-03-01,130.9,8.412,818.2,4.336,142967494,4.728,3.22,0,1,2,4,138.2,-7.3,130.57,119.83,0,3,2023,125.7,0
USA,2023-04-01,125.7,8.412,818.2,4.336,142967494,4.728,3.22,0,1,2,4,130.9,-5.2,131.6,123.48,0,4,2023,124.2,0
USA,2023-05-01,124.2,8.412,818.2,4.336,142967494,4.728,3.22,0,1,2,4,125.7,-1.5,126.93,125.67,0,5,2023,121.0,0
USA,2023-06-01,121.0,8.412,818.2,4.336,142967494,4.728,3.22,0,1,2,4,124.2,-3.2,123.63,127.1,0,6,2023,105.9,0
USA,2023-07-01,105.9,8.412,818.2,4.336,142967494,4.728,3.22,0,1,2,4,121.0,-15.1,117.03,124.32,0,7,2023,117.0,1
USA,2023-08-01,117.0,8.412,818.2,4.336,142967494,4.728,3.22,0,1,2,4,105.9,11.1,114.63,120.78,1,8,2023,111.8,0
USA,2023-09-01,111.8,8.412,818.2,4.336,142967494,4.728,3.22,0,1,2,4,117.0,-5.2,111.57,117.6,0,9,2023,99.2,0
USA,2023-10-01,99.2,8.412,818.2,4.336,142967494,4.728,3.22,0,1,2,4,111.8,-12.6,109.33,113.18,0,10,2023,120.1,1
USA,2023-11-01,120.1,8.412,818.2,4.336,142967494,4.728,3.22,0,1,2,4,99.2,20.9,110.37,112.5,1,11,2023,112.8,0
USA,2023-12-01,112.8,8.412,818.2,4.336,142967494,4.728,3.22,0,1,2,4,120.1,-7.3,110.7,111.13,0,12,2023,122.7,1
USA,2024-01-01,122.7,8.412,818.2,4.336,142967494,4.728,3.22,0,1,2,4,112.8,9.9,118.53,113.93,1,1,2024,136.3,1
USA,2024-02-01,136.3,8.412,818.2,4.336,142967494,4.728,3.22,0,1,2,4,122.7,13.6,123.93,117.15,1,2,2024,127.9,0
USA,2024-03-01,127.9,8.412,818.2,4.336,142967494,4.728,3.22,0,1,2,4,136.3,-8.4,128.97,119.83,0,3,2024,128.0,1
USA,2024-04-01,128.0,8.412,818.2,4.336,142967494,4.728,3.22,0,1,2,4,127.9,0.1,130.73,124.63,1,4,2024,124.6,0
USA,2024-05-01,124.6,8.412,818.2,4.336,142967494,4.728,3.22,0,1,2,4,128.0,-3.4,126.83,125.38,0,5,2024,104.0,0
USA,2024-06-01,104.0,8.412,818.2,4.336,142967494,4.728,3.22,0,1,2,4,124.6,-20.6,118.87,123.92,0,6,2024,119.7,1
USA,2024-07-01,119.7,8.412,818.2,4.336,142967494,4.728,3.22,0,1,2,4,104.0,15.7,116.1,123.42,1,7,2024,106.5,0
USA,2024-08-01,106.5,8.412,818.2,4.336,142967494,4.728,3.22,0,1,2,4,119.7,-13.2,110.07,118.45,0,8,2024,102.3,0
USA,2024-09-01,102.3,8.412,818.2,4.336,142967494,4.728,3.22,0,1,2,4,106.5,-4.2,109.5,114.18,0,9,2024,108.3,1
USA,2024-10-01,108.3,8.412,818.2,4.336,142967494,4.728,3.22,0,1,2,4,102.3,6.0,105.7,110.9,1,10,2024,105.5,0
USA,2024-11-01,105.5,8.412,818.2,4.336,142967494,4.728,3.22,0,1,2,4,108.3,-2.8,105.37,107.72,0,11,2024,120.9,1
USA,2024-12-01,120.9,8.412,818.2,4.336,142967494,4.728,3.22,0,1,2,4,105.5,15.4,111.57,110.53,1,12,2024,,0
